[
	{
		"id": 1,
		"type": "incoming",
		"senderName": "John Doe",
		"recipientName": "You",
		"amount": 250.75,
		"referenceNumber": "REF123456",
		"date": "2024-12-20",
		"time": "14:35"
	},
	{
		"id": 2,
		"type": "outgoing",
		"senderName": "You",
		"recipientName": "Jane Smith",
		"amount": 500.00,
		"referenceNumber": "REF789012",
		"date": "2024-12-19",
		"time": "09:15"
	},
	{
		"id": 3,
		"type": "incoming",
		"senderName": "Alice Johnson",
		"recipientName": "You",
		"amount": 120.00,
		"referenceNumber": "REF345678",
		"date": "2024-12-18",
		"time": "18:50"
	},
	{
		"id": 4,
		"type": "outgoing",
		"senderName": "You",
		"recipientName": "Bob Lee",
		"amount": 75.50,
		"referenceNumber": "REF901234",
		"date": "2024-12-17",
		"time": "21:10"
	},
	{
		"id": 5,
		"type": "incoming",
		"senderName": "Charlie Brown",
		"recipientName": "You",
		"amount": 300.00,
		"referenceNumber": "REF567890",
		"date": "2024-12-16",
		"time": "12:45"
	},
	{
		"id": 6,
		"type": "outgoing",
		"senderName": "You",
		"recipientName": "Diana Prince",
		"amount": 220.25,
		"referenceNumber": "REF112233",
		"date": "2024-12-15",
		"time": "08:30"
	},
	{
		"id": 7,
		"type": "incoming",
		"senderName": "Eve Adams",
		"recipientName": "You",
		"amount": 400.00,
		"referenceNumber": "REF445566",
		"date": "2024-12-14",
		"time": "16:20"
	},
	{
		"id": 8,
		"type": "outgoing",
		"senderName": "You",
		"recipientName": "Frank Castle",
		"amount": 50.00,
		"referenceNumber": "REF778899",
		"date": "2024-12-13",
		"time": "19:05"
	},
	{
		"id": 9,
		"type": "incoming",
		"senderName": "Grace Hopper",
		"recipientName": "You",
		"amount": 600.00,
		"referenceNumber": "REF990011",
		"date": "2024-12-12",
		"time": "10:15"
	},
	{
		"id": 10,
		"type": "outgoing",
		"senderName": "You",
		"recipientName": "Hank Pym",
		"amount": 180.75,
		"referenceNumber": "REF223344",
		"date": "2024-12-11",
		"time": "13:25"
	}
]